<?xml version="1.0" encoding="UTF-8"?>
<!DOCTYPE platform PUBLIC "-//NetBeans//DTD Java PlatformDefinition 1.0//EN" "http://www.netbeans.org/dtds/java-platformdefinition-1_0.dtd">
<platform default="no" name="JDK 24">
    <jdkhome>
        <resource>file:/C:/Program%20Files/Java/jdk-24/</resource>
    </jdkhome>
    <properties>
        <property name="platform.ant.name" value="JDK_24"/>
    </properties>
    <sysproperties>
        <property name="file.encoding" value="UTF-8"/>
        <property name="file.separator" value="\"/>
        <property name="java.class.path" value=""/>
        <property name="java.class.version" value="68.0"/>
        <property name="java.home" value="C:\Program Files\Java\jdk-24"/>
        <property name="java.io.tmpdir" value="C:\Users\LUISDA~1\AppData\Local\Temp\"/>
        <property name="java.library.path" value="C:\Program Files\Java\jdk-24\bin;C:\Windows\Sun\Java\bin;C:\Windows\system32;C:\Windows;C:\Python313\Scripts\;C:\Python313\;C:\Program Files\Common Files\Oracle\Java\javapath;C:\Program Files (x86)\Common Files\Oracle\Java\java8path;C:\Program Files (x86)\Common Files\Oracle\Java\javapath;C:\Windows\system32;C:\Windows;C:\Windows\System32\Wbem;C:\Windows\System32\WindowsPowerShell\v1.0\;C:\Windows\System32\OpenSSH\;C:\Program Files\NVIDIA Corporation\NVIDIA app\NvDLISR;C:\Users\LUIS DAS ARTIMANHAS\AppData\Local\Microsoft\WindowsApps;C:\Program Files (x86)\NVIDIA Corporation\PhysX\Common;C:\Program Files\Git\cmd;C:\Program Files\dotnet\;C:\Program Files\Cloudflare\Cloudflare WARP\;C:\MinGW\bin;C:\Program Files\nodejs\;C:\Program Files\Intel\WiFi\bin\;C:\Program Files\Common Files\Intel\WirelessCommon\;C:\Program Files\OpenSSL-Win64\bin;C:\protoc-25.7-win64\bin;C:\ngrok-v3-stable-windows-amd64;C:\Program Files\Common Files\Oracle\Java\javapath;C:\Program Files (x86)\Common Files\Oracle\Java\java8path;C:\Program Files (x86)\Common Files\Oracle\Java\javapath;C:\Windows\system32;C:\Windows;C:\Windows\System32\Wbem;C:\Windows\System32\WindowsPowerShell\v1.0\;C:\Windows\System32\OpenSSH\;C:\Program Files\NVIDIA Corporation\NVIDIA app\NvDLISR;C:\Users\LUIS DAS ARTIMANHAS\AppData\Local\Microsoft\WindowsApps;C:\Program Files (x86)\NVIDIA Corporation\PhysX\Common;C:\Program Files\Git\cmd;C:\Users\LUIS DAS ARTIMANHAS\AppData\Local\Microsoft\WindowsApps;C:\Users\LUIS DAS ARTIMANHAS\AppData\Local\UniGetUI\Chocolatey\bin;C:\Users\LUIS DAS ARTIMANHAS\AppData\Local\Microsoft\WindowsApps;C:\Users\LUIS DAS ARTIMANHAS\AppData\Local\Programs\Microsoft VS Code\bin;C:\Users\LUIS DAS ARTIMANHAS\AppData\Local\Microsoft\WindowsApps;C:\Users\LUIS DAS ARTIMANHAS\AppData\Local\Microsoft\WinGet\Links;C:\WhoIs;C:\WhoIs;C:\Users\LUIS DAS ARTIMANHAS\AppData\Roaming\npm;C:\Program Files\Intel\WiFi\bin\;C:\Program Files\Common Files\Intel\WirelessCommon\;C:\Program Files\OpenSSL-Win64\bin;C:\protoc-25.7-win64\bin;C:\ngrok-v3-stable-windows-amd64;;."/>
        <property name="java.runtime.name" value="Java(TM) SE Runtime Environment"/>
        <property name="java.runtime.version" value="24.0.1+9-30"/>
        <property name="java.specification.name" value="Java Platform API Specification"/>
        <property name="java.specification.vendor" value="Oracle Corporation"/>
        <property name="java.specification.version" value="24"/>
        <property name="java.vendor" value="Oracle Corporation"/>
        <property name="java.vendor.url" value="https://java.oracle.com/"/>
        <property name="java.vendor.url.bug" value="https://bugreport.java.com/bugreport/"/>
        <property name="java.version" value="24.0.1"/>
        <property name="java.version.date" value="2025-04-15"/>
        <property name="java.vm.compressedOopsMode" value="32-bit"/>
        <property name="java.vm.info" value="mixed mode, sharing"/>
        <property name="java.vm.name" value="Java HotSpot(TM) 64-Bit Server VM"/>
        <property name="java.vm.specification.name" value="Java Virtual Machine Specification"/>
        <property name="java.vm.specification.vendor" value="Oracle Corporation"/>
        <property name="java.vm.specification.version" value="24"/>
        <property name="java.vm.vendor" value="Oracle Corporation"/>
        <property name="java.vm.version" value="24.0.1+9-30"/>
        <property name="jdk.debug" value="release"/>
        <property name="line.separator" value="&#13;&#10;"/>
        <property name="native.encoding" value="Cp1252"/>
        <property name="os.arch" value="amd64"/>
        <property name="os.name" value="Windows 10"/>
        <property name="os.version" value="10.0"/>
        <property name="path.separator" value=";"/>
        <property name="stderr.encoding" value="cp850"/>
        <property name="stdout.encoding" value="cp850"/>
        <property name="sun.arch.data.model" value="64"/>
        <property name="sun.boot.library.path" value="C:\Program Files\Java\jdk-24\bin"/>
        <property name="sun.cpu.endian" value="little"/>
        <property name="sun.cpu.isalist" value="amd64"/>
        <property name="sun.io.unicode.encoding" value="UnicodeLittle"/>
        <property name="sun.java.command" value="J2SEPlatformProbe C:\Users\LUISDA~1\AppData\Local\Temp\nb-platformdetect9747037363598992937properties"/>
        <property name="sun.java.launcher" value="SUN_STANDARD"/>
        <property name="sun.jnu.encoding" value="Cp1252"/>
        <property name="sun.management.compiler" value="HotSpot 64-Bit Tiered Compilers"/>
        <property name="sun.os.patch.level" value=""/>
        <property name="user.country" value="BR"/>
        <property name="user.dir" value=""/>
        <property name="user.home" value="C:\Users\LUIS DAS ARTIMANHAS"/>
        <property name="user.language" value="pt"/>
        <property name="user.name" value="LUIS DAS ARTIMANHAS"/>
        <property name="user.script" value=""/>
        <property name="user.timezone" value="America/Sao_Paulo"/>
        <property name="user.variant" value=""/>
    </sysproperties>
</platform>
